job_id,posted_date,company,job_title,location,employment_type,experience_level,salary_min_lpa,salary_max_lpa,job_description,redirect_url,category,source,source_query,source_location,true_role_label
ADZUNA_5737750893,2026-05-22T22:29:07Z,TalentOla,AWSAIMLOps,India,Unknown,,,,"Please find below the complete JD: Lead design and optimization of scalable, secure AWS cloud architectures across compute, storage, networking, and security services. Build and manage AI/ML pipelines leveraging AWS services like Sagemaker, Lambda, ECS/EKS, Bedrock, and DynamoDB. Drive automation using IaC tools (Terraform/CloudFormation) and CI/CD pipelines for rapid, reliable deployments. Enable MLOps best practices including model training, evaluation, deployment, and monitoring at scale. Co…",https://www.adzuna.in/details/5737750893?utm_medium=api&utm_source=f82dfe0b,IT Jobs,adzuna_api,data scientist,India,
ADZUNA_5737746828,2026-05-22T22:27:10Z,Evnek Technologies Pvt Ltd,Lead Data Engineer,"Naduvathi, Bangalore, Karnataka",contract,,,,"This is a remote position. Job Description – Lead Data Engineer Experience: 7–10 Years Location: Remote / Hybrid (Bengaluru) Notice Period: Immediate Joiners Only Domain: Data Platforms & Analytics Infrastructure About the Role We are looking for a highly skilled and experienced Lead Data Engineer to build and scale modern data platforms that power analytics, reporting, and AI/ML initiatives. In this role, you will own the end-to-end data lifecycle, architect scalable data solutions, and lead a…",https://www.adzuna.in/details/5737746828?utm_medium=api&utm_source=f82dfe0b,IT Jobs,adzuna_api,data scientist,India,
ADZUNA_5737586126,2026-05-22T17:53:50Z,VISTRA,"EVP Enterprise Data, AI & Machine Learning","Mumbai, Maharashtra, India",Unknown,,,,"About Vistra Vistra is a leading provider of essential business services to help companies and private capital funds grow across the entire business and investment lifecycle. We work with nearly half of the Fortune Global 500, managing more than 200,000 legal entities, and working with two-thirds of the Private Equity International (PEI) 300. Vistra is owned by BPEA EQT, the Asian private equity arm of EQT, which is the 3rd largest PE fund globally. We are currently in an exciting phase of acce…",https://www.adzuna.in/land/ad/5737586126?se=FDImowtW8RGvjPD20Sc1wQ&utm_medium=api&utm_source=f82dfe0b&v=FE858EF4DB17E08578C58BC0290A3883E4C7B878,IT Jobs,adzuna_api,data scientist,India,
ADZUNA_5737585902,2026-05-22T17:53:48Z,AI Innovation and Inclusion Initiative ,AI ANALYTICS AND DASHBOARD ENGINEER,"Bangalore, Karnataka, India",contract,,,,"AI ANALYTICS AND DASHBOARD ENGINEER Data Platforms and Reporting | A4I Lab (IIIT-B x Microsoft) Organization: A4I Lab (IIIT-B x Microsoft) Location: IIIT Bangalore Type: Contract (through March 2027, extendable) Experience: 3 to 5 years About A4I Lab AI Innovation and Inclusion Initiative (A4I) is a partnership between Microsoft and IIIT-B, working with non-profit partners to apply AI to real-world challenges in education, healthcare, accessibility, and agriculture. A4I helps evolve promising i…",https://www.adzuna.in/land/ad/5737585902?se=FDImowtW8RGvjPD20Sc1wQ&utm_medium=api&utm_source=f82dfe0b&v=7AD11ED4EB7EE623961B31A737803C942A88C214,IT Jobs,adzuna_api,data scientist,India,
ADZUNA_5737585459,2026-05-22T17:53:45Z,Marsh,Senior Principal Engineer - Data Science,"Mumbai, Maharashtra, India",Unknown,,,,"Marsh is seeking a candidate for following position based out our office in Mumbai : Senior Principal Engineer - Data Science What can you expect? This position is for an individual contributor in Data Science, who will develop and implement leading-edge techniques in artificial intelligence, machine learning, predictive modeling, and natural language processing as applied in commercial insurance and risk management. This position consults with senior colleagues on complex financial and statist…",https://www.adzuna.in/land/ad/5737585459?se=FDImowtW8RGvjPD20Sc1wQ&utm_medium=api&utm_source=f82dfe0b&v=B7C45B3891A0CDE4228742C052845776807CF372,IT Jobs,adzuna_api,data scientist,India,
ADZUNA_5737585177,2026-05-22T17:53:42Z,Uptrail,Data Science - Instructor,"Bangalore, Karnataka, India",Unknown,,,,"Company Overview Uptrail is a UK-based career accelerator that supports students, job seekers, and early-career professionals as they confidently transition into the tech industry. We offer structured, hands-on programmes in data science, software development, cyber security, and cloud engineering designed to bridge the gap between academic learning and real-world experience. Open to both UK-based and international participants, Uptrail is dedicated to developing the next generation of data ana…",https://www.adzuna.in/land/ad/5737585177?se=FDImowtW8RGvjPD20Sc1wQ&utm_medium=api&utm_source=f82dfe0b&v=F5B863F9A7C0E77CB8928C0D468C156CD4F37D23,IT Jobs,adzuna_api,data scientist,India,
ADZUNA_5737583521,2026-05-22T17:53:29Z,AagatiServe,Data Analyst,"Bangalore, Karnataka, India",Unknown,,,,"Overview We are seeking a proactive and analytical Mid-Level Data Analyst to join our team. In this role, you’ll work closely with business stakeholders to translate data into clear, actionable insights. You will design reports, develop dashboards, and provide data-driven recommendations that support strategic and operational decision-making across the organization. Key Responsibilities Partner with business leaders to understand their objectives, requirements, and data needs. Design, build, an…",https://www.adzuna.in/land/ad/5737583521?se=FDImowtW8RGvjPD20Sc1wQ&utm_medium=api&utm_source=f82dfe0b&v=7B5C27DD8164D4EA6EA06448EA234CE902F534FA,IT Jobs,adzuna_api,data scientist,India,
ADZUNA_5737583088,2026-05-22T17:53:27Z,Recruise India Consulting Pvt Ltd,Manager Data Analytics and Insights,"Chennai, Tamil Nadu, India",Unknown,,,,"Job Title: Manager, Data Analytics and Insights L ocation: Chennai Experience Level - 6 to 10 years Mandatory Skills :- Minimum 5 - 6 years of experience into Analytics background US Fintech Experience Experience into card domain and analytics side (Credit and Debit) Aware about Fraud process (Chargeback, Disputes, Operations) As a Manager, Debit Card Disputes on the Debit Card Fraud Team, you will be responsible to support the design and operation of debit card fraud and non-fraud disputes man…",https://www.adzuna.in/land/ad/5737583088?se=FDImowtW8RGvjPD20Sc1wQ&utm_medium=api&utm_source=f82dfe0b&v=2FDD2986438BC0F87CE79C8225190E64158C80A2,IT Jobs,adzuna_api,data scientist,India,
ADZUNA_5737583204,2026-05-22T17:53:27Z,Angel One,Rewards Manager,"Bangalore, Karnataka, India",Unknown,,,,"About Angel One: Angel One is one of India’s fastest growing fin-techs, on a bold mission to make investing simple, smart, and inclusive for every Indian. With over 3 crore clients, we’re building at scale – and building for impact. Our Super App helps clients manage their investments, trade seamlessly, and access financial tools tailored to their goals. We are working to build personalized financial journeys for our clients, powered by new-age tech, AI, Machine Learning and Data Science. We're…",https://www.adzuna.in/land/ad/5737583204?se=FDImowtW8RGvjPD20Sc1wQ&utm_medium=api&utm_source=f82dfe0b&v=20623C90D1CF683DB6033924E3E3E64CFD9B8BE5,HR & Recruitment Jobs,adzuna_api,data scientist,India,
ADZUNA_5737583210,2026-05-22T17:53:27Z,Certification Partner Global FZ LLC,ISO Certification Field Sales Assistant Manager for Mumbai,"Mumbai, Maharashtra, India",full_time,,,,"Company Description CPG Assurance Service Pvt Ltd, Mumbai is one of the 34 branch offices of the Australian company Certification Partner Global FZ LLC (CPG) and is a leading provider of internationally recognized ISO certification services, supporting businesses in achieving compliance with global standards. With a commitment to quality and best practices, CPG helps organizations enhance their credibility, streamline processes, and foster trust among stakeholders. The company operates across a…",https://www.adzuna.in/land/ad/5737583210?se=FDImowtW8RGvjPD20Sc1wQ&utm_medium=api&utm_source=f82dfe0b&v=7DB7425C29A5D3D06AAF780F7B7DE88D39F148EB,Sales Jobs,adzuna_api,data scientist,India,
ADZUNA_5737583037,2026-05-22T17:53:26Z,Technozis,Senior Data Scientist,"Bangalore, Karnataka, India",contract,,,,"Senior Data Scientist – GenAI / Healthcare Analytics Location: Bangalore Work Model: Hybrid / Remote Experience: 7 Years Budget: Up to ₹35 LPA Employment Type: Contract-to-Hire (C2H) Notice Period: Immediate to 30 Days Technozis is hiring for an exciting opportunity with one of our premium clients in the healthcare analytics space. We are looking for a highly experienced Senior Data Scientist with strong expertise in Generative AI, NLP, Machine Learning, and Healthcare / Health Insurance Analyt…",https://www.adzuna.in/land/ad/5737583037?se=FDImowtW8RGvjPD20Sc1wQ&utm_medium=api&utm_source=f82dfe0b&v=DA99EBE839BD746E427E339B8ECF5A7593193B64,IT Jobs,adzuna_api,data scientist,India,
ADZUNA_5737583029,2026-05-22T17:53:26Z,Pearson,Artificial Intelligence Engineer,India,Unknown,,,,"Job Summary We are looking for a highly skilled and experienced AI Engineer with strong expertise in Machine Learning, Generative AI, MLOps, and CI/CD automation using Jenkins. The ideal candidate will be responsible for designing, developing, deploying, and maintaining scalable AI/ML solutions while implementing robust automation pipelines for model training, testing, deployment, and monitoring. This role requires close collaboration with Data Scientists, DevOps Engineers, Software Developers,…",https://www.adzuna.in/land/ad/5737583029?se=FDImowtW8RGvjPD20Sc1wQ&utm_medium=api&utm_source=f82dfe0b&v=8016023D66BD9C43E3E8DF74DE16DE14DCAACE01,IT Jobs,adzuna_api,data scientist,India,
ADZUNA_5737583021,2026-05-22T17:53:26Z,Akkodis,Data Scientist,"Bangalore, Karnataka, India",Unknown,,,,Experience: 3-5 years Location: Bangalore Start Timeline: Immediate Key Responsibilities Lead data science initiatives and mentor junior team members Design and implement ML solutions using Python and Azure Drive analytics and model deployment strategies Collaborate with stakeholders for business insights Must Have Skills Strong expertise in Python Hands-on experience in Machine Learning & Data Science Experience working on Azure platform Leadership / team handling experience Good to Have Expos…,https://www.adzuna.in/land/ad/5737583021?se=FDImowtW8RGvjPD20Sc1wQ&utm_medium=api&utm_source=f82dfe0b&v=27BE55552E8D1BFFD1254D6D5A7F9780516131F6,IT Jobs,adzuna_api,data scientist,India,
ADZUNA_5737582752,2026-05-22T17:53:25Z,DAZN India,Sr Data Scientist,"Hyderabad, Telangana, India",Unknown,,,,"Is your next career move to work in a team which uses data, reporting and analytical skills to help answer business questions to make DAZN a data-driven company? DAZN is a tech-first sport streaming platform that reaches millions of users every week. We are challenging a traditional industry and giving power back to the fans. Our new Hyderabad tech hub will be the engine that drives us forward to the future. We’re pushing boundaries and doing things no-one has done before. Here, you have the op…",https://www.adzuna.in/land/ad/5737582752?se=FDImowtW8RGvjPD20Sc1wQ&utm_medium=api&utm_source=f82dfe0b&v=C1F1FBCB6D7ABD9E1304457D6C2CBD86FF515817,IT Jobs,adzuna_api,data scientist,India,
ADZUNA_5737582647,2026-05-22T17:53:23Z,Giggso,Head of Machine Learning,"Chennai, Tamil Nadu, India",full_time,,,,"Company Description Giggso, founded in 2017 in Michigan, is dedicated to assisting enterprises with digital transformation. As a certified Minority Business Enterprise (MBE), we provide unique perspectives to solve complex challenges. We specialize in advancing Fortune 500 companies from ""AI pilots"" to ""AI profit centers"" by focusing on the intersection of Governance, Risk, Compliance (GRC), and Engineering. Our mission is to transform AI governance from a barrier into a competitive edge. Learn…",https://www.adzuna.in/land/ad/5737582647?se=FDImowtW8RGvjPD20Sc1wQ&utm_medium=api&utm_source=f82dfe0b&v=A81D072B73B77DBEE98FFAA342D9260FADF715CE,IT Jobs,adzuna_api,data scientist,India,
ADZUNA_5737582533,2026-05-22T17:53:23Z,Kamakhya Analytics Private Limited,Manager - Survey Operations,"Noida, Ghaziabad, Uttar Pradesh",full_time,,,,"Team : Operations Location : Delhi / NCR or Bangalore Employment Type : Full-time About Kamakhya Analytics Kamakhya Analytics is a technology-driven research and consulting organisation helping leaders, parties, and institutions decode India’s political and policy landscape.We bring together survey science, data analytics, and strategic insight to answer complex questions about public opinion, governance, and performance. From ground-level fieldwork to advanced modelling and interpretation, eve…",https://www.adzuna.in/land/ad/5737582533?se=FDImowtW8RGvjPD20Sc1wQ&utm_medium=api&utm_source=f82dfe0b&v=03B62D22AA19AB40368FBBD7DEFB8C5D6EC082EC,IT Jobs,adzuna_api,data scientist,India,
ADZUNA_5737582576,2026-05-22T17:53:23Z,Nykaa,Staff ML Scientist - Recommendation,"Bangalore, Karnataka, India",Unknown,,,,"Role Description: Staff Machine Learning Scientist ( Location: Bangalore ) About the Team: Nykaa’s Recommendation & Personalization Data Science team is responsible for building and optimizing personalized user experiences across the entire customer journey—from Homepage to Product Listing Pages (PLP), Product Display Pages (PDP), and Cart. The team drives personalization across all Nykaa businesses, including Beauty, Fashion, and Nykaa Man, leveraging data science and machine learning to enhan…",https://www.adzuna.in/land/ad/5737582576?se=FDImowtW8RGvjPD20Sc1wQ&utm_medium=api&utm_source=f82dfe0b&v=5EC754AF2B7D00C28DFB846EFAA22F8877360A7D,IT Jobs,adzuna_api,data scientist,India,
ADZUNA_5737581752,2026-05-22T17:53:17Z,Brillio,Data Scientist,"Bangalore, Karnataka, India",Unknown,,,,"About Brillio: Brillio is one of the fastest growing digital technology service providers and a partner of choice for many Fortune 1000 companies seeking to turn disruption into a competitive advantage through innovative digital adoption. Brillio, renowned for its world-class professionals, referred to as ""Brillians"", distinguishes itself through their capacity to seamlessly integrate cutting-edge digital and design thinking skills with an unwavering dedication to client satisfaction. Brillio t…",https://www.adzuna.in/land/ad/5737581752?se=FDImowtW8RGvjPD20Sc1wQ&utm_medium=api&utm_source=f82dfe0b&v=588577687A44D5EFF57644AB00DE439E6C03CB19,IT Jobs,adzuna_api,data scientist,India,
ADZUNA_5737581726,2026-05-22T17:53:16Z,Kline + Company,"Data Scientist (Hyderabad, India)","Hyderabad, Telangana, India",Unknown,,,,"Here at Kline our amazing Innovation team has grown rapidly from a small three person set up to a thriving, twelve strong multi-functional team in the space of just three years. We are now looking for top talent to take our capabilities in developing digitized, data-oriented products to the next level. So, if you are a keen Data Scientist, have a curious mindset and are interested in working in the Personal Care, Energy and Chemicals market research space then please reach out. What does life i…",https://www.adzuna.in/land/ad/5737581726?se=FDImowtW8RGvjPD20Sc1wQ&utm_medium=api&utm_source=f82dfe0b&v=50BC43D70F691EA9F8CEEBDF129E5BFB434FEB70,IT Jobs,adzuna_api,data scientist,India,
ADZUNA_5737581694,2026-05-22T17:53:16Z,Trinka.ai,Customer Success Specialist,"Goregaon, Gondia, Maharashtra",Unknown,,,,"About Trinka AI Trinka AI ( www.trinka.ai ) is an AI-powered writing assistant designed for academic and technical writing. Built by experts in language and AI, Trinka goes beyond basic grammar checks to improve clarity, tone, and word choice. It corrects complex errors, follows academic style guides, and provides intelligent writing suggestions in real time. Trinka offers tools such as AI-assisted writing, a Paraphraser, AI Studio, Consistency Checks, Technical Checks, Language Quality Checks,…",https://www.adzuna.in/land/ad/5737581694?se=FDImowtW8RGvjPD20Sc1wQ&utm_medium=api&utm_source=f82dfe0b&v=F377A5235CB627BCE00F8F2330BA08D98A5062EC,IT Jobs,adzuna_api,data scientist,India,
ADZUNA_5737578850,2026-05-22T17:52:46Z,Sanius Health,Freelance Graphic and Website Designer (Contract),India,contract,,,,"About Sanius Health Sanius Health is a leading real world evidence and patient generated data platform operating across healthcare and life sciences, with a focus on rare and underserved conditions. The company operates across clinical delivery, research infrastructure and advanced healthcare technology, supporting hospitals, clinicians, researchers and life sciences organisations through integrated data platforms and disease registries. Sanius Health is expanding rapidly and requires a highly …",https://www.adzuna.in/land/ad/5737578850?se=FDImowtW8RGvjPD20Sc1wQ&utm_medium=api&utm_source=f82dfe0b&v=C1117F419152CDBD3ADB481C1385935C118DB3CA,IT Jobs,adzuna_api,data scientist,India,
ADZUNA_5737578517,2026-05-22T17:52:42Z,Nexusnow.ai,Agentic AI Architect,"Noida, Ghaziabad, Uttar Pradesh",full_time,,,,"Job Title: Senior AI Architect (Agentic AI) Location: Noida Experience: 7 to 15 Years Employment Type: Full-Time Joining: Immediate Joiners Preferred Role Overview We are looking for a highly experienced Senior AI Architect with strong hands-on expertise in Agentic AI to lead the design and implementation of next-generation AI systems. The ideal candidate will have deep experience in building autonomous, goal-driven AI agents and architecting scalable AI platforms across enterprise environments…",https://www.adzuna.in/land/ad/5737578517?se=FDImowtW8RGvjPD20Sc1wQ&utm_medium=api&utm_source=f82dfe0b&v=AA2E5C0637F91836C542E90A9875C3AE5E0A873C,IT Jobs,adzuna_api,data scientist,India,
ADZUNA_5737578493,2026-05-22T17:52:42Z,LTM,Data Science Specialist,India,Unknown,,,,"Strong in Python Traditional Machine Learning Understanding on Basic Statistic Production Grade experience in GEN AI projects Understanding of Evaluation frameworks RAGAS , DeepEval , LLM adjudge for GEN AI systems using Benchmark Data set and ground truth based evaluation Familiar with Docker and Kubernates ,FastAPI CICD Pipeline Exposure to LLM Monitoring and observability tool.",https://www.adzuna.in/land/ad/5737578493?se=FDImowtW8RGvjPD20Sc1wQ&utm_medium=api&utm_source=f82dfe0b&v=698C3BA3DB06C99039C663DFCF38BF68E68DA826,IT Jobs,adzuna_api,data scientist,India,
ADZUNA_5737576961,2026-05-22T17:52:23Z,vueverse.,Bioinformatics Engineer,India,Unknown,,,,"Bioinformatics Engineer – Immune Repertoire & Transcriptomics Job Summary We are seeking experienced Bioinformatics Engineers with strong expertise in Immune Repertoire and Transcriptomics data processing to build and deploy scalable cloud-native bioinformatics workflows. The role involves developing production-grade pipelines for TCR/BCR sequencing, single-cell RNA-seq, and Bulk RNA-seq datasets, along with downstream analytics and multi-omics integration. Key Responsibilities Design, develop,…",https://www.adzuna.in/land/ad/5737576961?se=FDImowtW8RGvjPD20Sc1wQ&utm_medium=api&utm_source=f82dfe0b&v=B1C3FF489DA5E028EE8E67C63F21F600249D33D5,IT Jobs,adzuna_api,data scientist,India,
ADZUNA_5737576917,2026-05-22T17:52:22Z,Inspire,Senior Data Analytics Analyst [T500-26061],"Hyderabad, Telangana, India",Unknown,,,,"About Inspire Brands: Inspire Brands is disrupting the restaurant industry through digital transformation and operational efficiencies. The company’s technology hub, Inspire Brands Hyderabad Support Center, India, will lead technology innovation and product development for the organization and its portfolio of distinct brands. The Inspire Brands Hyderabad Support Center will focus on developing new capabilities in data science, data analytics, eCommerce, automation, cloud computing, and informa…",https://www.adzuna.in/land/ad/5737576917?se=FDImowtW8RGvjPD20Sc1wQ&utm_medium=api&utm_source=f82dfe0b&v=AD0FAB8377FF8F41C6DB9C5426D556D159B00138,IT Jobs,adzuna_api,data scientist,India,
ADZUNA_5737585847,2026-05-22T17:53:48Z,HCLTech,Data Engineer,"Noida, Ghaziabad, Uttar Pradesh",Unknown,,,,"Job Title Technical Lead – Microsoft Fabric Data Engineering Location Noida, India Overview of the Role As a Technical Lead – Microsoft Fabric Data Engineering, you will spearhead the design and implementation of advanced data solutions that harness the capabilities of Microsoft Fabric. Your expertise will drive robust, scalable, and high-quality data pipelines, enabling actionable business intelligence and supporting HCLTech’s strategic transformation initiatives. You will play a critical role…",https://www.adzuna.in/land/ad/5737585847?se=EI6kpAtW8RGWQvEe2bTbLw&utm_medium=api&utm_source=f82dfe0b&v=8F03F3BB0AD7FDA963A1A0E39B0F631EE1505D11,IT Jobs,adzuna_api,data analyst,India,
ADZUNA_5737582695,2026-05-22T17:53:24Z,LTIMindtree,SQL Data Analyst,India,Unknown,,,,"Role: SQL Data Analyst Experience: 8 – 12 Years Location: Pune, Mumbai, Bangalore, Chennai, Kolkata, Noida, Hyderabad Job Description: Strong expertise in SQL Data Analysis and complex query writing Hands-on experience in Data Modelling concepts including conceptual, logical, and physical data models Experience in MS CRM Data Modelling and CRM data architecture Strong understanding of relational databases, data structures, and normalization techniques Experience in data extraction, transformati…",https://www.adzuna.in/land/ad/5737582695?se=EI6kpAtW8RGWQvEe2bTbLw&utm_medium=api&utm_source=f82dfe0b&v=1C30E88FD63177A2326E152E94C5557D32D8B28B,IT Jobs,adzuna_api,data analyst,India,
ADZUNA_5737581680,2026-05-22T17:53:16Z,Healimpilo,Senior Data Engineer,"Bangalore, Karnataka, India",full_time,,,,"About the Role We are looking for a highly skilled Senior Data Engineer / BI Engineer with strong expertise in Snowflake data warehousing, Tableau analytics, and relational databases. The ideal candidate will be responsible for building robust data pipelines, designing analytical data models, and delivering high-quality dashboards and insights. Prior experience in the US healthcare domain is strongly preferred. Role Description This is a full-time remote role for a Senior Data Engineer. The Sen…",https://www.adzuna.in/land/ad/5737581680?se=EI6kpAtW8RGWQvEe2bTbLw&utm_medium=api&utm_source=f82dfe0b&v=B885C5E788D4887860E512027B4F0118A650CEC0,IT Jobs,adzuna_api,data analyst,India,
ADZUNA_5737579050,2026-05-22T17:52:48Z,Allied Globetech,AB Initio Developer,"Mumbai, Maharashtra, India",Unknown,,,,"Position: AB Initio Developer Experience: 3–5 Years Location: Mumbai Job Summary We are looking for a AB Initio Developer with 3–5 years of hands-on experience in developing, testing, and supporting ETL solutions using the AB Initio suite. The candidate should be comfortable owning ETL module development independently, working with large-scale data in enterprise environments, and collaborating with data architects and business analysts. Prior exposure to the BFSI/Banking domain will be an advan…",https://www.adzuna.in/land/ad/5737579050?se=EI6kpAtW8RGWQvEe2bTbLw&utm_medium=api&utm_source=f82dfe0b&v=7D88780D0870625D459537C2204B48A2C0A5C176,IT Jobs,adzuna_api,data analyst,India,
ADZUNA_5737576320,2026-05-22T17:52:17Z,ValueMomentum,Data Analyst /Policy Migration Tool (PMT) Analyst. Guide wire Implementation/Claim center,"Hyderabad, Telangana, India",Unknown,,,,"Value momentum is Hiring Data Analyst with SQL and Policy Migration Tool (PMT), Guide wire Implementation/Claim center Role: Data Analyst with SQL and Policy Migration Tool (PMT), Guide wire Implementation/Claim center Locations: Hyderabad/ Bangalore/Pune/Coimbatore Mode of Work: Work from Office. Responsibilities: · Interpret data, analyze results using statistical techniques, and provide ongoing reports. · Develop and implement databases, data collection systems, data analytics, and other str…",https://www.adzuna.in/land/ad/5737576320?se=EI6kpAtW8RGWQvEe2bTbLw&utm_medium=api&utm_source=f82dfe0b&v=565C7A398C38B1E131BCBF208478BD7F10AABCBE,IT Jobs,adzuna_api,data analyst,India,
ADZUNA_5737568347,2026-05-22T17:50:25Z,CUS Tech,Data Analyst,India,full_time,,,,"Job Title: Data Analyst Location: Remote – India Job Type: Full-Time About the Role We are looking for a detail-oriented and analytical Data Analyst to join our team. This is a great opportunity for someone who enjoys working with data, identifying trends, and helping businesses make informed decisions. In this role, you will collect, analyze, and interpret data to support business goals and provide meaningful insights. You will work closely with different teams to understand business needs and…",https://www.adzuna.in/land/ad/5737568347?se=EI6kpAtW8RGWQvEe2bTbLw&utm_medium=api&utm_source=f82dfe0b&v=8CC898863E39DE7B3556B675D40665D04FC21EA3,IT Jobs,adzuna_api,data analyst,India,
ADZUNA_5737567345,2026-05-22T17:50:11Z,Teamware Solutions,Snowflake Data Engineer with Cortex AI & Snowpark,"Bangalore, Karnataka, India",Unknown,,,,"About the Company Greetings from Teamware Solutions a division of Quantum Leap Consulting Pvt. Ltd Teamware Solutions (a division of Quantum Leap Consulting Pvt. Ltd.) is a 20 year industry leader providing IT staffing and consulting services, supporting 4000 professionals across India, the USA, the Middle East, and APAC for leading GCC clients. About the Role We are hiring a Snowflake Data Engineer with Cortex AI & Snowpark Locations: Bangalore, Pune Work Model: Hybrid Experience: 4 years Noti…",https://www.adzuna.in/land/ad/5737567345?se=EI6kpAtW8RGWQvEe2bTbLw&utm_medium=api&utm_source=f82dfe0b&v=2A1C2A293B2061C73B6A9EEDA976B653879F677B,IT Jobs,adzuna_api,data analyst,India,
ADZUNA_5737566606,2026-05-22T17:50:00Z,Unicorn Workforce,Senior SQL Developer | Experience: 7–9 Years Work | Location: Mysuru – Hybrid,"Mysore, Karnataka, India",Unknown,,,,"Job Description – Senior SQL Developer Experience: 7–9 Years Work Location: Mysuru – Hybrid Job Summary We are seeking an experienced Senior SQL Developer with strong expertise in database development, performance optimization, database architecture, and data archival strategies. The ideal candidate should have hands-on experience designing, developing, maintaining, and optimizing enterprise-scale database solutions across relational and NoSQL platforms. The role requires deep technical profici…",https://www.adzuna.in/land/ad/5737566606?se=EI6kpAtW8RGWQvEe2bTbLw&utm_medium=api&utm_source=f82dfe0b&v=4DD5FE069934686C5F70A3DB50C79A45ACF33914,IT Jobs,adzuna_api,data analyst,India,
ADZUNA_5737564415,2026-05-22T17:48:18Z,Mastek,Data Analyst,"Navi Mumbai, Maharashtra, India",full_time,,,,"Job Description: PMO/ Data Analyst (1–2 Years Experience) Role Overview We are seeking a highly motivated and detail-oriented Data Analyst with 1–2 years of experience to support data-driven decision-making across the organisation. The ideal candidate should possess strong analytical skills, excellent written and verbal communication skills with good command over the English language. proficiency in Excel-based data manipulation, Effective power-point decks and dashboard creation and the abilit…",https://www.adzuna.in/land/ad/5737564415?se=EI6kpAtW8RGWQvEe2bTbLw&utm_medium=api&utm_source=f82dfe0b&v=638822F9610005E690330E0E83911C6DCC6CAB22,IT Jobs,adzuna_api,data analyst,India,
ADZUNA_5737564271,2026-05-22T17:48:12Z,Etenico Technologies,Data Analyst,"Bangalore, Karnataka, India",Unknown,,,,"TProfile:Wholesale IFRS-9 Total experience:7 years Location: Bangalore (Remote), with a monthly on-site visit. Profile summary, Understanding of statistics, analytical concepts, modelling and analysis.  Knowledge and experience of model risk management regulations and guidance.  Knowledge and experience in Independent Validation is essential. Knowledge and experience of wider Model Risk Management framework and processes is beneficial.  Knowledge and experience in credit wholesale IFRS9 and …",https://www.adzuna.in/land/ad/5737564271?se=EI6kpAtW8RGWQvEe2bTbLw&utm_medium=api&utm_source=f82dfe0b&v=DD547CDC1240E96CFFA832ADF8BEB52F75BE9DFC,IT Jobs,adzuna_api,data analyst,India,
ADZUNA_5737564269,2026-05-22T17:48:12Z,Visy,Lead Automation & Reporting Analyst [T500-26073],"Hyderabad, Telangana, India",Unknown,,,,"About Visy: Visy is a family-owned Australian business and a global pioneer in sustainable packaging, recycling and logistics. They operate across 150 sites globally, including operations in Asia, Europe, and the USA, supported by a dedicated workforce of over 7,000 employees. It is Australia and New Zealand’s largest manufacturer of food and beverage packaging, made from household recycling. As Australia’s largest recycler, it processes 40% of Australian households recycling. Visy also support…",https://www.adzuna.in/land/ad/5737564269?se=EI6kpAtW8RGWQvEe2bTbLw&utm_medium=api&utm_source=f82dfe0b&v=28955CD6E71FE5EBB0DD8C27A091ACA6F46C563E,"Energy, Oil & Gas Jobs",adzuna_api,data analyst,India,
ADZUNA_5737564077,2026-05-22T17:48:03Z,ALIV - Regenerative Wellness,Data Manager,India,Unknown,,,,"ALIV Regenerative Wellness | Pune (primary) About the role ALIV is scaling across three cities, multiple revenue lines (IV therapies, peptides, autologous cell therapy, PRP, exosomes, supplementation), and multiple acquisition channels (Google Ads, Meta, GBP, organic, partnerships). The numbers are everywhere and the founder is currently the bottleneck on most of them. We're hiring a Data Analyst & Excel Expert to own the numbers layer of the business — marketing, clinical operations, financial…",https://www.adzuna.in/land/ad/5737564077?se=EI6kpAtW8RGWQvEe2bTbLw&utm_medium=api&utm_source=f82dfe0b&v=B64AD0EF780361CB6A61C684ABBA7250E12E0011,"PR, Advertising & Marketing Jobs",adzuna_api,data analyst,India,
ADZUNA_5737512817,2026-05-22T15:47:39Z,Blend360,Senior Power BI Engineer,India,Unknown,,,,"Job Description As a Senior BI Developer , you’ll turn raw data into stunning visual stories that spark action and drive decisions. Collaborate with clients, create jaw-dropping dashboards , and lead end-to-end BI projects that deliver real business value. If you’re passionate about transforming insights into impact, and thrive in a fast-paced, consulting-style environment — we want you on our team! We’re looking for someone with deep expertise in BI, SQL, and a strong knack for working across …",https://www.adzuna.in/details/5737512817?utm_medium=api&utm_source=f82dfe0b,IT Jobs,adzuna_api,data analyst,India,
ADZUNA_5737435636,2026-05-22T14:10:40Z,Infosys,Business Intelligence (BI) Administrator,"Hyderabad, Telangana, India",full_time,,,,"Bachelor’s degree in computer science, Information Technology, Data Science, or related field. Basic understanding of SQL and relational databases (e.g., SQL Server, MySQL, PostgreSQL). Familiarity with BI tools such as Power BI, Tableau, or Qlik (academic or project-based experience acceptable). Knowledge of data visualization concepts and ETL basics is a plus. Good analytical and problem-solving skills. Strong communication and willingness to learn new tools and technologies. Assist in instal…",https://www.adzuna.in/details/5737435636?utm_medium=api&utm_source=f82dfe0b,IT Jobs,adzuna_api,data analyst,India,
ADZUNA_5737418759,2026-05-22T13:39:17Z,Weekday AI,AWS Data Engineer,India,full_time,,,,"This role is for one of the Weekday's clients Min Experience: 8 years Location: Gurgaon JobType: full-time We are looking for an experienced and highly skilled AWS Data Engineer – Lead to join our growing data engineering team. The ideal candidate will have deep expertise in designing, building, and optimizing scalable cloud-based data platforms on AWS. This role requires strong hands-on experience with AWS data services, PySpark, and SQL, along with the ability to lead technical initiatives, m…",https://www.adzuna.in/details/5737418759?utm_medium=api&utm_source=f82dfe0b,IT Jobs,adzuna_api,data analyst,India,
ADZUNA_5737386034,2026-05-22T12:39:00Z,Wissen Technology,Data Engineer - DB2 & Sybase,"Bangalore, Karnataka, India",full_time,,,,"Key Responsibilities Design, develop, and optimize ETL/ELT pipelines for handling massive datasets using Python, Java & Spark for batch and real-time streaming. Build and maintain data architectures including data lakes, warehouses (e.g., Snowflake, DB2). Implement data modeling (star/snowflake schemas), ensure data quality, lineage tracking, and reliability engineering practices. Collaborate with data scientists, analysts, and stakeholders to translate requirements into robust data solutions w…",https://www.adzuna.in/details/5737386034?utm_medium=api&utm_source=f82dfe0b,IT Jobs,adzuna_api,data analyst,India,
ADZUNA_5737273962,2026-05-22T10:10:44Z,Colgate-Palmolive,Head-Data Analytics & Bus Intelligence,"Mumbai, Maharashtra, India",Unknown,,,,"Relocation Assistance Offered Within Country Job Number 173499 - Mumbai, Maharashtra, India Who We Are Colgate-Palmolive Company is a global consumer products company operating in over 200 countries specialising in Oral Care, Personal Care, Home Care, Skin Care, and Pet Nutrition. Our products are trusted in more households than any other brand in the world, making us a household name! Join Colgate-Palmolive, a caring, innovative growth company reimagining a healthier future for people, their p…",https://www.adzuna.in/details/5737273962?utm_medium=api&utm_source=f82dfe0b,IT Jobs,adzuna_api,data analyst,India,
ADZUNA_5737273963,2026-05-22T10:10:44Z,Colgate-Palmolive,Data Scientist,"Mumbai, Maharashtra, India",Unknown,,,,"Relocation Assistance Offered Within Country Job Number 173498 - Mumbai, Maharashtra, India Who We Are Colgate-Palmolive Company is a global consumer products company operating in over 200 countries specialising in Oral Care, Personal Care, Home Care, Skin Care, and Pet Nutrition. Our products are trusted in more households than any other brand in the world, making us a household name! Join Colgate-Palmolive, a caring, innovative growth company reimagining a healthier future for people, their p…",https://www.adzuna.in/details/5737273963?utm_medium=api&utm_source=f82dfe0b,IT Jobs,adzuna_api,data analyst,India,
ADZUNA_5737273301,2026-05-22T10:10:06Z,RTX Corporation,Senior Analyst - Data Steward CKM,"Bangalore, Karnataka, India",Unknown,,,,"Date Posted: 2026-05-19 Country: India Location: IN-KA-BENGALURU-NORTHGATE ~ Sy No 2/2 Venkatala Village ~ SY NO 2/2 VENKATALA VILLAGE, Yelahanka Hobli Position Role Type: Hybrid Who We Are: At RTX, the world largest aerospace and defense company, 185,000 great minds are united by purpose and inspired to make a difference solving the world's most complex problems. With our three market leading businesses, world-class operations and investments in research and development, we offer capabilities …",https://www.adzuna.in/details/5737273301?utm_medium=api&utm_source=f82dfe0b,IT Jobs,adzuna_api,data analyst,India,
ADZUNA_5737272234,2026-05-22T10:09:58Z,"NTT America, Inc.","Business Intelligence Analyst, People Analytics","New Delhi, Delhi, India",Unknown,,,,"Make an impact with NTT DATA Join a company that is pushing the boundaries of what is possible. We are renowned for our technical excellence and leading innovations, and for making a difference to our clients and society. Our workplace embraces diversity and inclusion - it's a place where you can grow, belong and thrive. Your day at NTT DATA The Business Intelligence Analyst is a seasoned subject matter expert, tasked with participating in the transformation of data into insights that drive bus…",https://www.adzuna.in/details/5737272234?utm_medium=api&utm_source=f82dfe0b,IT Jobs,adzuna_api,data analyst,India,
ADZUNA_5737272188,2026-05-22T10:09:58Z,"NTT America, Inc.",Techno Functional ETL Migration Engineer,"Chennai, Tamil Nadu, India",Unknown,,,,"Req ID: 367577 NTT DATA strives to hire exceptional, innovative and passionate individuals who want to grow with us. If you want to be part of an inclusive, adaptable, and forward-thinking organization, apply now. We are currently seeking a Techno Functional ETL Migration Engineer to join our team in Chennai, Tamil Nadu (IN-TN), India (IN). Job Title:Techno Functional ETL Migration Engineer - Data Integration Role Overview We are looking for a skilled ETL Migration Engineer to design, develop, …",https://www.adzuna.in/details/5737272188?utm_medium=api&utm_source=f82dfe0b,IT Jobs,adzuna_api,data analyst,India,
ADZUNA_5737268659,2026-05-22T10:09:28Z,Kyndryl,Functional Analyst - Data,"Chennai, Tamil Nadu, India",Unknown,,,,"Who We Are At Kyndryl, we run and reimagine the mission-critical technology systems that drive advantage for the world's leading businesses. We are at the heart of progress; with proven expertise and a continuous flow of AI-powered insight, enabling smarter decisions, faster innovation, and a lasting competitive edge. For our people-Kyndryls-that means doing purposeful work that powers human progress. Join us and experience a flexible, supportive environment where your well-being is prioritized…",https://www.adzuna.in/details/5737268659?utm_medium=api&utm_source=f82dfe0b,IT Jobs,adzuna_api,data analyst,India,
ADZUNA_5737576279,2026-05-22T17:52:16Z,YMinds.AI,AI/ML Engineer (5-8 Years Experience),India,Unknown,,,,"Description About the Role: Our client is looking for a skilled Senior AI/ML Engineer with 5–8 years of hands-on experience in designing, developing, and deploying machine learning models. The ideal candidate will have strong expertise in data processing, model building, and productionizing AI solutions, along with a solid understanding of modern ML frameworks and tools. Key Responsibilities Design, develop, and deploy machine learning and deep learning models for real-world applications Work w…",https://www.adzuna.in/land/ad/5737576279?se=XL0OpgtW8RGvjPD20Sc1wQ&utm_medium=api&utm_source=f82dfe0b&v=F1CB99ABFF58C1DA14185E4D6112A45C2AB6072E,IT Jobs,adzuna_api,machine learning engineer,India,
ADZUNA_5737566320,2026-05-22T17:49:57Z,FM,Principal Machine Learning Engineer [T500-24544],"Bangalore, Karnataka, India",Unknown,,,,"About FM: FM is a 190-year-old, Fortune 500 commercial property insurance company of 6,000 employees with a unique focus on science and risk engineering. Serving over a quarter of the Fortune 500 and major corporations globally, they deliver data-driven strategies that enhance resilience, ensure business continuity, and empower organizations to thrive. FM India located in Bengaluru is a strategic location for driving FM's global operational efficiency that allows them to leverage the country’s …",https://www.adzuna.in/land/ad/5737566320?se=XL0OpgtW8RGvjPD20Sc1wQ&utm_medium=api&utm_source=f82dfe0b&v=D456F56518784E49B4673269E76CA4855F05BBCD,IT Jobs,adzuna_api,machine learning engineer,India,
ADZUNA_5737565718,2026-05-22T17:49:48Z,CredHive,Associate Product Manager,"New Delhi, Delhi, India",Unknown,,,,"We are a seed-funded startup focused on using state-of-the-art AI technologies to revolutionize the credit industry. Our team consists of experts in machine learning and software engineers who have worked at top-tier US tech companies like Apple, Amazon, etc , and we are passionate about using AI to improve access to credit information for businesses. We are seeking a Associate Product Manager, Data with a strong background in financial services, data integration, and B2B SAAS. This role is ide…",https://www.adzuna.in/land/ad/5737565718?se=XL0OpgtW8RGvjPD20Sc1wQ&utm_medium=api&utm_source=f82dfe0b&v=B785EB9A5121C457307D02CC8095A20411CC8E88,IT Jobs,adzuna_api,machine learning engineer,India,
ADZUNA_5737565155,2026-05-22T17:49:41Z,Publicis Global Delivery ,Machine Learning Specialist,"Bangalore, Karnataka, India",Unknown,,,," Hiring | Gen-AI ML Engineering Specialist  Location: Gurugram / Bangalore / Hybrid  Experience: 7-9 Years  Work Model: Hybrid (2 Days Office) Job Description We are looking for a Gen-AI ML Engineering Specialist with strong expertise in Machine Learning, Large Language Models (LLMs), and Retrieval-Augmented Generation (RAG) systems. The ideal candidate should have hands-on experience building, fine-tuning, deploying, and scaling enterprise-grade AI/ML solutions using modern cloud ML platforms …",https://www.adzuna.in/land/ad/5737565155?se=XL0OpgtW8RGvjPD20Sc1wQ&utm_medium=api&utm_source=f82dfe0b&v=CCA1F454EB25F8449C3D10D6050565F1A6EEB8F2,IT Jobs,adzuna_api,machine learning engineer,India,
ADZUNA_5737564309,2026-05-22T17:48:14Z,The HEINEKEN Company,Lead Data Scientist,"Hyderabad, Telangana, India",Unknown,,,,"This role is part of the D&T department of HEINEKEN International. D&T is proud to bring cutting-edge innovation, strong technology, and advanced analytics to HEINEKEN. With speed and agility, we ensure HEINEKEN has the technological competitive advantages it needs to deliver on its ambition. The role is part of the European Data & AI Hub and is critical in Heineken to operationalise our strategy of standardised and scalable data foundations across the region and enterprise. The role holder wil…",https://www.adzuna.in/land/ad/5737564309?se=XL0OpgtW8RGvjPD20Sc1wQ&utm_medium=api&utm_source=f82dfe0b&v=05ABA74495D4B7129246EA3EE4EBC2D17121EAD7,IT Jobs,adzuna_api,machine learning engineer,India,
ADZUNA_5737564260,2026-05-22T17:48:11Z,FM,Lead Machine Learning Engineer [T500-26074],"Bangalore, Karnataka, India",Unknown,,,,"About us: We are a highly successful 190-year-old, Fortune 500 commercial property insurance company of 6,000 employees with a unique focus on science and risk engineering. Businesses worldwide trust our expertise to protect their assets, relying on our comprehensive risk assessments and robust, engineering-based insurance solutions to safeguard against fire, natural disasters, and other perils. Serving over a quarter of the Fortune 500 and major corporations globally, we deliver data-driven st…",https://www.adzuna.in/land/ad/5737564260?se=XL0OpgtW8RGvjPD20Sc1wQ&utm_medium=api&utm_source=f82dfe0b&v=96B8A9366E4702B961BBDB37D84B9E28CECE04CB,IT Jobs,adzuna_api,machine learning engineer,India,
ADZUNA_5737395038,2026-05-22T12:42:56Z,Amazon Dev Center India - Hyderabad,"Software Development Engineer, Finance Technology, ATARI","Hyderabad, Telangana, India",full_time,,,,"Do you want to be part of a team building big data and machine learning applications that process and analyze transactions worth billions of dollars a day using the latest technology? Do you want to make a tangible impact measured in terms of millions of dollars saved? In our Finance Technology group, we develop big data and ML systems that scrutinize billions of dollars in transactions from across Amazon's businesses. Our mission is to drive wider adoption of machine learning solutions for fin…",https://www.adzuna.in/details/5737395038?utm_medium=api&utm_source=f82dfe0b,Scientific & QA Jobs,adzuna_api,machine learning engineer,India,
ADZUNA_5737386041,2026-05-22T12:39:00Z,Poppulo,Senior Full Stack Machine Learning Engineer,India,full_time,,30.0,50.0,"About the job Introduction: Are you searching for an opportunity to play a key role in driving the dramatic growth of a highly successful software company? At Poppulo, we’re working on what’s next in communications and workplace technology. As a pioneer in this industry, we understand that meaningfully reaching every employee is hard. And so is managing office space in a hybrid world. And so is improving the customer and guest experience. We exist to make each of these things easier. We exist t…",https://www.adzuna.in/details/5737386041?utm_medium=api&utm_source=f82dfe0b,IT Jobs,adzuna_api,machine learning engineer,India,
ADZUNA_5737288042,2026-05-22T10:22:30Z,Salvo Software,AI Developer,India,full_time,,,,"About Salvo Software Salvo Software is a global firm that provides cost-effective software solutions to guide enterprises and startups through digital transformation. With distributed teams across the US, LATAM, and India, we partner with clients to build high-performance, scalable systems that solve complex technical challenges. Our culture values innovation, ownership, and engineering excellence. Role Overview We are seeking a highly skilled AI Developer with a strong backend and machine lear…",https://www.adzuna.in/details/5737288042?utm_medium=api&utm_source=f82dfe0b,Engineering Jobs,adzuna_api,machine learning engineer,India,
ADZUNA_5736874934,2026-05-22T02:24:44Z,Tower Research Capital,Manager - Finance Shared Services,"Gurgaon, Haryana, India",Unknown,,,,Tower Research Capital is a leading quantitative trading firm founded in 1998. Tower has built its business on a high-performance platform and independent trading teams. We have a 25 year track record of innovation and a reputation for discovering unique market opportunities. Tower is home to some of the world’s best systematic trading and engineering talent. We empower portfolio managers to build their teams and strategies independently while providing the economies of scale that come from a l…,https://www.adzuna.in/details/5736874934?utm_medium=api&utm_source=f82dfe0b,Accounting & Finance Jobs,adzuna_api,machine learning engineer,India,
ADZUNA_5736874115,2026-05-22T02:24:35Z,Goldman Sachs,Engineering-L2-Bengaluru-Associate-Software Engineering,"Bangalore, Karnataka, India",Unknown,,,,"Description What We Do At Goldman Sachs, our Engineers don’t just make things – we make things possible. Change the world by connecting people and capital with ideas. Solve the most challenging and pressing engineering problems for our clients. Join our engineering teams that build massively scalable software and systems, architect low latency infrastructure solutions, proactively guard against cyber threats, and leverage machine learning alongside financial engineering to continuously turn dat…",https://www.adzuna.in/details/5736874115?utm_medium=api&utm_source=f82dfe0b,IT Jobs,adzuna_api,machine learning engineer,India,
ADZUNA_5736863668,2026-05-22T02:22:49Z,TriNet,Senior Data Scientist,"Hyderabad, Telangana, India",full_time,,,,"Description TriNet is a leading provider of comprehensive human resources solutions for small to midsize businesses (SMBs). We enhance business productivity by enabling our clients to outsource their HR function to one strategic partner and allowing them to focus on operating and growing their core businesses. Our full-service HR solutions include features such as payroll processing, human capital consulting, employment law compliance and employee benefits, including health insurance, retiremen…",https://www.adzuna.in/details/5736863668?utm_medium=api&utm_source=f82dfe0b,IT Jobs,adzuna_api,machine learning engineer,India,
ADZUNA_5736856448,2026-05-22T02:21:40Z,Goldman Sachs,Asset & Wealth Management - AM Equity Solutions Strats - Associate - Hyderabad,"Bangalore, Karnataka, India",Unknown,,,,"Description Who We Are At Goldman Sachs, we connect people, capital and ideas to help solve problems for our clients. We are a leading global financial services firm providing investment banking, securities and investment management services to a substantial and diversified client base that includes corporations, financial institutions, governments and individuals. Asset Management Goldman Sachs Asset Management delivers innovative investment solutions through a global, multi-product platform t…",https://www.adzuna.in/details/5736856448?utm_medium=api&utm_source=f82dfe0b,Accounting & Finance Jobs,adzuna_api,machine learning engineer,India,
ADZUNA_5736834827,2026-05-22T02:18:22Z,Jobgether,Principal Machine Learning Engineer,India,full_time,,,,"This position is posted by Jobgether on behalf of a partner company. We are currently looking for a Principal Machine Learning Engineer in India. This role sits at the core of a high-impact AI/ML organization focused on building intelligent, cloud-native systems that optimize enterprise technology usage at scale. You will lead the design and productionization of advanced machine learning and GenAI solutions that drive cloud cost optimization, workload prediction, and infrastructure automation. …",https://www.adzuna.in/details/5736834827?utm_medium=api&utm_source=f82dfe0b,IT Jobs,adzuna_api,machine learning engineer,India,
ADZUNA_5736828870,2026-05-22T02:17:29Z,HP,Development Support Automation AI,India,full_time,,,,"Development Support Automation AI Description - Job Summary We are seeking a Senior AI & Automation Developer to design and deliver cutting-edge solutions at the intersection of Agentic AI, automation, and opportunity discovery . This role blends deep technical expertise with strategic thinking to not only build intelligent systems but also identify and prioritize areas where AI and automation can drive measurable impact across the organization. You’ll work hands-on with large language models, …",https://www.adzuna.in/details/5736828870?utm_medium=api&utm_source=f82dfe0b,IT Jobs,adzuna_api,machine learning engineer,India,
ADZUNA_5736821842,2026-05-22T02:16:20Z,GSK,Senior Machine Learning Engineer,India,full_time,,,,"Welcome to Haleon. We’re a purpose-driven, world-class consumer company putting everyday health in the hands of millions. In just three years since our launch, we’ve grown, evolved and are now entering an exciting new chapter – one filled with bold ambitions and enormous opportunity. Our trusted portfolio of brands – including Sensodyne®, Panadol®, Advil®, Voltaren®, Theraflu®, Otrivin®, and Centrum® – lead in resilient and growing categories. What sets us apart is our unique blend of deep huma…",https://www.adzuna.in/details/5736821842?utm_medium=api&utm_source=f82dfe0b,IT Jobs,adzuna_api,machine learning engineer,India,
ADZUNA_5736820927,2026-05-22T02:16:11Z,Goldman Sachs,Asset & Wealth Management - Defined Contribution Tech - Vice President - Hyderabad,"Hyderabad, Telangana, India",Unknown,,,,"Description Who We Are At Goldman Sachs, we connect people, capital and ideas to help solve problems for our clients. We are a leading global financial services firm providing investment banking, securities and investment management services to a substantial and diversified client base that includes corporations, financial institutions, governments and individuals. Engineering, which is comprised of our Technology Division and global strategists’ groups, is at the critical center of our busines…",https://www.adzuna.in/details/5736820927?utm_medium=api&utm_source=f82dfe0b,IT Jobs,adzuna_api,machine learning engineer,India,
ADZUNA_5736793433,2026-05-22T02:11:40Z,Abbyy,OCR/IDP Data Labelling & Validation Specialist - Contract,India,full_time,,,,"Join ABBYY and be part of a team that celebrates your unique work style. With flexible work options, a supportive team, and rewards that reflect your value, you can focus on what matters most – driving your growth, while fueling ours. Our commitment to respect, transparency, and simplicity means you can trust us to always choose to do the right thing. As a trusted partner for purpose-built AI and intelligent automation, we solve highly complex problems for our enterprise customers and put their…",https://www.adzuna.in/details/5736793433?utm_medium=api&utm_source=f82dfe0b,Scientific & QA Jobs,adzuna_api,machine learning engineer,India,
ADZUNA_5736784174,2026-05-22T02:10:12Z,Anaplan,Engineer II,India,Unknown,,,,"At Anaplan, we are a team of innovators focused on optimizing business decision-making through our leading AI-infused scenario planning and analysis platform so our customers can outpace their competition and the market. What unites Anaplanners across teams and geographies is our collective commitment to our customers’ success and to our Winning Culture. Our customers rank among the who’s who in the Fortune 50. Coca-Cola, LinkedIn, Adobe, LVMH and Bayer are just a few of the 2,400 global compan…",https://www.adzuna.in/details/5736784174?utm_medium=api&utm_source=f82dfe0b,IT Jobs,adzuna_api,machine learning engineer,India,
ADZUNA_5736769892,2026-05-22T02:08:02Z,GSK,Data Platform and AI Vulnerability and Compliance Lead,India,full_time,,,,"Welcome to Haleon. We’re a purpose-driven, world-class consumer company putting everyday health in the hands of millions. In just three years since our launch, we’ve grown, evolved and are now entering an exciting new chapter – one filled with bold ambitions and enormous opportunity. Our trusted portfolio of brands – including Sensodyne®, Panadol®, Advil®, Voltaren®, Theraflu®, Otrivin®, and Centrum® – lead in resilient and growing categories. What sets us apart is our unique blend of deep huma…",https://www.adzuna.in/details/5736769892?utm_medium=api&utm_source=f82dfe0b,IT Jobs,adzuna_api,machine learning engineer,India,
ADZUNA_5736736577,2026-05-22T02:02:39Z,Sanofi,Data & AI Engineering Specialist,"Hyderabad, Telangana, India",full_time,,,,"About the Role The Data & AI Engineering Specialist is a hands-on technical role within Sanofi's Platform Engineering organization, responsible for designing, building, and maintaining AI-ready data pipelines and infrastructure that power breakthrough discoveries and improve patient outcomes. This specialist contributes to the implementation of Sanofi's AI-Ready Data framework, ensuring data is well-understood, trusted, secure, and accessible for enterprise-wide AI consumption. The role operate…",https://www.adzuna.in/details/5736736577?utm_medium=api&utm_source=f82dfe0b,IT Jobs,adzuna_api,machine learning engineer,India,
ADZUNA_5736731391,2026-05-22T02:01:54Z,Adobe,Machine Learning Engineer 4,"Noida, Ghaziabad, Uttar Pradesh",full_time,,,,"About the Role Adobe is seeking a Machine Learning Engineer to join the Adobe Genuine Engineering team. This group protects Adobe's ecosystem from fraud, abuse, and misuse using intelligent systems worldwide. In this position, you will build and develop machine learning models from scratch, including custom transformer-based frameworks, to identify fraudulent actions, stop account sharing, and protect the experience of hundreds of millions of users. You will manage the entire model lifecycle: r…",https://www.adzuna.in/details/5736731391?utm_medium=api&utm_source=f82dfe0b,IT Jobs,adzuna_api,machine learning engineer,India,
ADZUNA_5736730348,2026-05-22T02:01:48Z,Google,"Software Engineer Manager II, Embedded Systems/Firmware, Silicon","Bangalore, Karnataka, India",Unknown,,,,"Minimum qualifications: Bachelor's degree in Computer Science, Electrical Engineering, a related technical field, or equivalent practical experience. 8 years of experience in compiler development, including machine learning optimization and experience with ML accelerators (e.g., Tensor Processing Units (TPUs) or Graphics Processing Units (GPUs)) 8 years of experience with embedded operating systems and experience with compilers (e.g., optimization, parallelization, etc.) 2 years of experience i…",https://www.adzuna.in/details/5736730348?utm_medium=api&utm_source=f82dfe0b,IT Jobs,adzuna_api,machine learning engineer,India,
ADZUNA_5736725877,2026-05-22T02:01:20Z,Abbyy,"Senior Machine Learning Engineer, Model Training & Evaluation",India,Unknown,,,,"Join ABBYY and be part of a team that celebrates your unique work style. With flexible work options, a supportive team, and rewards that reflect your value, you can focus on what matters most – driving your growth, while fueling ours. Our commitment to respect, transparency, and simplicity means you can trust us to always choose to do the right thing. As a trusted partner for purpose-built AI and intelligent automation, we solve highly complex problems for our enterprise customers and put their…",https://www.adzuna.in/details/5736725877?utm_medium=api&utm_source=f82dfe0b,IT Jobs,adzuna_api,machine learning engineer,India,
ADZUNA_5737808094,2026-05-22T23:48:45Z,Turing,Remote Java Backend Engineer,India,contract,,,,"About the projects: we are building LLM evaluation and training datasets to train LLM to work on realistic software engineering problems. One of our approaches, in this project, is to build verifiable SWE tasks based on public repository histories in a synthetic approach with human-in-the-loop; while expanding the dataset coverage to different types of tasks in terms of programming language, difficulty level, and etc. About the Role: We are looking for experienced software engineers (tech lead …",https://www.adzuna.in/land/ad/5737808094?se=5ruTpwtW8RGvjPD20Sc1wQ&utm_medium=api&utm_source=f82dfe0b&v=91B3C95E00A30EF0E83E9E4F7526E33228664961,IT Jobs,adzuna_api,ai engineer,India,
ADZUNA_5737807733,2026-05-22T23:47:26Z,Turing,Remote Chemistry Expert (PhD),"Chennai, Tamil Nadu, India",contract,,,,"Remote contract for PhDs in Chemistry, Chemical Engineering, or related fields. Work on cutting-edge projects with top AI labs while earning up to $50/hour, fully remote, with flexible weekly hours. No AI experience required. Role Overview: Help fine-tune large language models (like ChatGPT) using your chemistry knowledge. You’ll design problems, check how well AI solves them, and work with researchers to build better benchmarks. Responsibilities: Design advanced chemistry problems to test AI p…",https://www.adzuna.in/land/ad/5737807733?se=5ruTpwtW8RGvjPD20Sc1wQ&utm_medium=api&utm_source=f82dfe0b&v=92B33A53EB373EA38DF88DB30F25944E9E3D9C72,Scientific & QA Jobs,adzuna_api,ai engineer,India,
ADZUNA_5737807565,2026-05-22T23:45:19Z,Turing,Remote Chemistry Expert (PhD),India,contract,,,,"Remote contract for PhDs in Chemistry, Chemical Engineering, or related fields. Work on cutting-edge projects with top AI labs while earning up to $50/hour, fully remote, with flexible weekly hours. No AI experience required. Role Overview: Help fine-tune large language models (like ChatGPT) using your chemistry knowledge. You’ll design problems, check how well AI solves them, and work with researchers to build better benchmarks. Responsibilities: Design advanced chemistry problems to test AI p…",https://www.adzuna.in/land/ad/5737807565?se=5ruTpwtW8RGvjPD20Sc1wQ&utm_medium=api&utm_source=f82dfe0b&v=A4FEDBEA1959C7AB5EBDFD7C00BB72F5296412C6,Scientific & QA Jobs,adzuna_api,ai engineer,India,
ADZUNA_5737750905,2026-05-22T22:29:08Z,TalentOla,GEN AI Lead,"Rameshnagar, Bangalore, Karnataka",Unknown,,,,"Job Description Generative AI Tech Lead (AWS-Native) Experience 8 15 years overall experience, with 3 5 years leading cloud and AI engineering teams Role Summary We are looking for a Generative AI Tech Lead to provide technical leadership and architectural direction for building and operating production-grade GenAI solutions on AWS . This role combines hands-on development , solution architecture , team mentorship , and operational ownership . The Tech Lead will own end-to-end delivery of GenAI…",https://www.adzuna.in/details/5737750905?utm_medium=api&utm_source=f82dfe0b,IT Jobs,adzuna_api,ai engineer,India,
ADZUNA_5737746850,2026-05-22T22:27:10Z,Tequity Consulting Pvt. Ltd.,Product Manager,"Indiranagar, Bangalore, Karnataka",permanent,,0.08,12.0,"About the Role We are looking for a Product Manager who operates like an owner, not a coordinator. This role sits at the center of delivery, client management, engineering execution, and AI-native operations. You will work closely with founders, engineers, designers, QA, and clients to ensure products are delivered on time, within scope, and at a consistently high quality bar. You should be equally comfortable running sprint cadences, translating ambiguous business requirements into execution-r…",https://www.adzuna.in/details/5737746850?utm_medium=api&utm_source=f82dfe0b,IT Jobs,adzuna_api,ai engineer,India,
ADZUNA_5737728768,2026-05-22T21:48:46Z,Turing,Remote Chemistry Researcher (PhD),"Hyderabad, Telangana, India",contract,,,,"Remote contract for PhDs in Chemistry, Chemical Engineering, or related fields. Work on cutting-edge projects with top AI labs while earning up to $50/hour, fully remote, with flexible weekly hours. No AI experience required. Role Overview: Help fine-tune large language models (like ChatGPT) using your chemistry knowledge. You’ll design problems, check how well AI solves them, and work with researchers to build better benchmarks. Responsibilities: Design advanced chemistry problems to test AI p…",https://www.adzuna.in/land/ad/5737728768?se=5ruTpwtW8RGvjPD20Sc1wQ&utm_medium=api&utm_source=f82dfe0b&v=0F0BD25CF1AFA77BB316813E292493AB74B076E4,Scientific & QA Jobs,adzuna_api,ai engineer,India,
ADZUNA_5737728763,2026-05-22T21:48:45Z,Turing,Remote Chemistry Researcher (PhD),"Kolkata, West Bengal, India",contract,,,,"Remote contract for PhDs in Chemistry, Chemical Engineering, or related fields. Work on cutting-edge projects with top AI labs while earning up to $50/hour, fully remote, with flexible weekly hours. No AI experience required. Role Overview: Help fine-tune large language models (like ChatGPT) using your chemistry knowledge. You’ll design problems, check how well AI solves them, and work with researchers to build better benchmarks. Responsibilities: Design advanced chemistry problems to test AI p…",https://www.adzuna.in/land/ad/5737728763?se=5ruTpwtW8RGvjPD20Sc1wQ&utm_medium=api&utm_source=f82dfe0b&v=1FC47A4446D1B63E411E6E5A21100B57F70FF967,Scientific & QA Jobs,adzuna_api,ai engineer,India,
ADZUNA_5737728766,2026-05-22T21:48:45Z,Turing,Remote Chemistry Expert (PhD),"Bangalore, Karnataka, India",contract,,,,"Remote contract for PhDs in Chemistry, Chemical Engineering, or related fields. Work on cutting-edge projects with top AI labs while earning up to $50/hour, fully remote, with flexible weekly hours. No AI experience required. Role Overview: Help fine-tune large language models (like ChatGPT) using your chemistry knowledge. You’ll design problems, check how well AI solves them, and work with researchers to build better benchmarks. Responsibilities: Design advanced chemistry problems to test AI p…",https://www.adzuna.in/land/ad/5737728766?se=5ruTpwtW8RGvjPD20Sc1wQ&utm_medium=api&utm_source=f82dfe0b&v=9D9C4F402AD7A6F7E445803E3267BFEC2DC4B01F,Scientific & QA Jobs,adzuna_api,ai engineer,India,
ADZUNA_5737728765,2026-05-22T21:48:45Z,Turing,Remote JavaScript Engineer,"Delhi, India",contract,,,,"About the projects: we are building LLM evaluation and training datasets to train LLM to work on realistic software engineering problems. One of our approaches, in this project, is to build verifiable SWE tasks based on public repository histories in a synthetic approach with human-in-the-loop; while expanding the dataset coverage to different types of tasks in terms of programming language, difficulty level, and etc. About the Role: We are looking for experienced software engineers (tech lead …",https://www.adzuna.in/land/ad/5737728765?se=5ruTpwtW8RGvjPD20Sc1wQ&utm_medium=api&utm_source=f82dfe0b&v=8FBB60399597E894AB0CF92ED2FBD8CAD7F9EEF9,IT Jobs,adzuna_api,ai engineer,India,
ADZUNA_5737728752,2026-05-22T21:48:37Z,Turing,Remote Software Engineer (JavaScript),"Bangalore, Karnataka, India",contract,,,,"About the projects: we are building LLM evaluation and training datasets to train LLM to work on realistic software engineering problems. One of our approaches, in this project, is to build verifiable SWE tasks based on public repository histories in a synthetic approach with human-in-the-loop; while expanding the dataset coverage to different types of tasks in terms of programming language, difficulty level, and etc. About the Role: We are looking for experienced software engineers (tech lead …",https://www.adzuna.in/land/ad/5737728752?se=5ruTpwtW8RGvjPD20Sc1wQ&utm_medium=api&utm_source=f82dfe0b&v=A5CF2798C1D607B425326F7D67F6BCC57499DEBC,IT Jobs,adzuna_api,ai engineer,India,
ADZUNA_5737728673,2026-05-22T21:48:02Z,Turing,Remote Chemistry Expert (PhD),"Noida, Ghaziabad, Uttar Pradesh",contract,,,,"Remote contract for PhDs in Chemistry, Chemical Engineering, or related fields. Work on cutting-edge projects with top AI labs while earning up to $50/hour, fully remote, with flexible weekly hours. No AI experience required. Role Overview: Help fine-tune large language models (like ChatGPT) using your chemistry knowledge. You’ll design problems, check how well AI solves them, and work with researchers to build better benchmarks. Responsibilities: Design advanced chemistry problems to test AI p…",https://www.adzuna.in/land/ad/5737728673?se=5ruTpwtW8RGvjPD20Sc1wQ&utm_medium=api&utm_source=f82dfe0b&v=12B2D7B9263A5532C1AFB596FEE95622DA98B339,Scientific & QA Jobs,adzuna_api,ai engineer,India,
ADZUNA_5737586371,2026-05-22T17:53:52Z,Aeris,Lead QualDev (SDET) Engineer-AI,"Noida, Ghaziabad, Uttar Pradesh",full_time,,,,"AI‑Assisted Quality Engineering (SDET) Experience: 4–8 years Employment Type: Full‑time Location: Noida Sector 62 (Work from Office – 5 days a week) Role Summary We are seeking a Lead QualDev Engineer to drive AI‑assisted Quality Engineering initiatives across functional and automation testing, CI/CD, and defect prevention. This role emphasizes technical ownership, AI‑driven automation, and self‑healing test frameworks , enabling faster, more reliable software delivery in a product‑based engine…",https://www.adzuna.in/land/ad/5737586371?se=5ruTpwtW8RGvjPD20Sc1wQ&utm_medium=api&utm_source=f82dfe0b&v=6B2227533C70778FE551AF0866A3EC6CA5FA33EF,IT Jobs,adzuna_api,ai engineer,India,
ADZUNA_5737585157,2026-05-22T17:53:42Z,Turing,AI Benchmark Engineer (Planning/Operations) - 75063,"Bangalore, Karnataka, India",contract,,,,"About Turing: Based in San Francisco, California, Turing is the world’s leading research accelerator for frontier AI labs and a trusted partner for global enterprises deploying advanced AI systems. Turing supports customers in two ways: first, by accelerating frontier research with high-quality data, advanced training pipelines, plus top AI researchers who specialize in coding, reasoning, STEM, multilinguality, multimodality, and agents; and second, by applying that expertise to help enterprise…",https://www.adzuna.in/land/ad/5737585157?se=5ruTpwtW8RGvjPD20Sc1wQ&utm_medium=api&utm_source=f82dfe0b&v=44F034B0496121578F694FF782EA38F97CCA1220,IT Jobs,adzuna_api,ai engineer,India,
ADZUNA_5737585169,2026-05-22T17:53:42Z,Ecolab Digital Center,Senior AI Engineer,"Bangalore, Karnataka, India",Unknown,,,,"We are seeking a highly skilled Senior Agentic AI Engineer to design, develop, and deploy production-grade agentic AI systems on Azure cloud infrastructure. The ideal candidate will have extensive experience building autonomous AI agents, deploying complex AI solutions to production, and implementing robust CI/CD pipelines. Key Responsibilities - Design and develop sophisticated agentic AI systems capable of autonomous decision-making and task execution - Architect and implement production-grad…",https://www.adzuna.in/land/ad/5737585169?se=5ruTpwtW8RGvjPD20Sc1wQ&utm_medium=api&utm_source=f82dfe0b&v=2C5C9C5BD856D333FA52C2534322A45DFFEE3FC3,IT Jobs,adzuna_api,ai engineer,India,
ADZUNA_5737582704,2026-05-22T17:53:24Z,Turing,AI Benchmark Engineer (Planning/Operations) - 75063,"Chennai, Tamil Nadu, India",contract,,,,"About Turing: Based in San Francisco, California, Turing is the world’s leading research accelerator for frontier AI labs and a trusted partner for global enterprises deploying advanced AI systems. Turing supports customers in two ways: first, by accelerating frontier research with high-quality data, advanced training pipelines, plus top AI researchers who specialize in coding, reasoning, STEM, multilinguality, multimodality, and agents; and second, by applying that expertise to help enterprise…",https://www.adzuna.in/land/ad/5737582704?se=5ruTpwtW8RGvjPD20Sc1wQ&utm_medium=api&utm_source=f82dfe0b&v=B9106F7BA943A4785236A048F3A7322E2AE0009F,IT Jobs,adzuna_api,ai engineer,India,
ADZUNA_5737581732,2026-05-22T17:53:17Z,Turing,Remote JavaScript Engineer,"Mumbai, Maharashtra, India",contract,,,,"About the projects: we are building LLM evaluation and training datasets to train LLM to work on realistic software engineering problems. One of our approaches, in this project, is to build verifiable SWE tasks based on public repository histories in a synthetic approach with human-in-the-loop; while expanding the dataset coverage to different types of tasks in terms of programming language, difficulty level, and etc. About the Role: We are looking for experienced software engineers (tech lead …",https://www.adzuna.in/land/ad/5737581732?se=5ruTpwtW8RGvjPD20Sc1wQ&utm_medium=api&utm_source=f82dfe0b&v=78B9388A0FE7BD2CAE718ECD1CC716C4E6178B7E,IT Jobs,adzuna_api,ai engineer,India,
ADZUNA_5737581724,2026-05-22T17:53:16Z,Trianz,Senior Automation Engineer,"Hyderabad, Telangana, India",Unknown,,,,"Company Overview Trianz is an applied AI solutions company that accelerates customer business transformation through AI powered ""Transformation Services as a Software Model"" . With 25 years of transforming enterprises, we've evolved to a product-led, platform-driven organization serving global enterprises across Financial Services, Insurance, Healthcare, Hi-Tech, Manufacturing, and other industries. With global presence across 4 continents, our platform portfolio under the unified Concierto bra…",https://www.adzuna.in/land/ad/5737581724?se=5ruTpwtW8RGvjPD20Sc1wQ&utm_medium=api&utm_source=f82dfe0b&v=6B650994054362B070280B9CD3B565F1F5B0BA42,IT Jobs,adzuna_api,ai engineer,India,
ADZUNA_5737579035,2026-05-22T17:52:48Z,HROnTips,People Success Manager,"Noida, Ghaziabad, Uttar Pradesh",Unknown,,,,"Who We Are HROnTips isn't just another HR company. We’re a pack of innovators building AI tools that revolutionize how companies hire, engage, and grow their teams. We eat our own dog food—using cutting-edge AI in everything we do. The Mission, Should You Choose to Accept It Your mission is simple but powerful: build a world-class team and culture that mirrors our revolutionary AI products. You won't just manage policies; you'll be the architect of our employee experience, a brand ambassador to…",https://www.adzuna.in/land/ad/5737579035?se=5ruTpwtW8RGvjPD20Sc1wQ&utm_medium=api&utm_source=f82dfe0b&v=93B45399DC690DED601AAA86948E57CFCF375A98,HR & Recruitment Jobs,adzuna_api,ai engineer,India,
ADZUNA_5737578403,2026-05-22T17:52:41Z,MYCPE ONE,AI Product Lead,"Ahmedabad, Gujarat, India",Unknown,,,,"We are seeking an AI Transformation Leader who can rethink and redesign core service processes across Accounting, Tax, and Audit using AI. This role demands a hands-on builder who can drive internal innovation, build AI-native tools, lead cross-functional teams, and convert internal solutions into scalable products that transform the way we deliver services. AI Strategy & Vision • Reimagine Accounting, Tax, and Audit workflows using AI-first thinking. • Define and lead the AI roadmap for core s…",https://www.adzuna.in/land/ad/5737578403?se=5ruTpwtW8RGvjPD20Sc1wQ&utm_medium=api&utm_source=f82dfe0b&v=77D4D2B2E1E3B779F35B2855B96BA05862B56635,IT Jobs,adzuna_api,ai engineer,India,
ADZUNA_5737577818,2026-05-22T17:52:34Z,Tria Tech Network,Senior AI Engineer,India,Unknown,,,,"Role: Senior AI Engineer Experience: 5 years No. of Positions: 4 Duration: 3-6 months Primary Skills AI/ML such as AWS/Azure/GCP Solutions Architect TOGAF Certified Kubernetes Administrator with exposure to Lean Six Sigma About the role We are looking for a Senior AI Engineer with strong full-stack engineering and AI solution development expertise to architect, build, and scale enterprise-grade intelligent solutions. This role requires a blend of hands-on technical leadership, solution architec…",https://www.adzuna.in/land/ad/5737577818?se=5ruTpwtW8RGvjPD20Sc1wQ&utm_medium=api&utm_source=f82dfe0b&v=B875EFB76574CCE87496902B23D05A53EC43AB6D,IT Jobs,adzuna_api,ai engineer,India,
ADZUNA_5737576338,2026-05-22T17:52:17Z,AiLogic Neural Network Pvt Ltd,Senior Data Scientist,"Hyderabad, Telangana, India",Unknown,,,,"About the Role We are looking for highly skilled and motivated Data Scientists / NLP Data Scientists / ML Engineers with strong hands-on experience in Machine Learning, Natural Language Processing (NLP), and Large Language Models (LLMs) . The ideal candidate should have practical exposure to building and deploying ML/NLP solutions in production environments, especially involving LLM fine-tuning, RAG pipelines, embeddings, and vector databases . Key Responsibilities Design, build, train, and opt…",https://www.adzuna.in/land/ad/5737576338?se=2KwdqQtW8RGWQvEe2bTbLw&utm_medium=api&utm_source=f82dfe0b&v=4C4266DCC8188A9A4868F09EA4023D044490B13F,IT Jobs,adzuna_api,nlp engineer,India,
ADZUNA_5737435602,2026-05-22T14:10:39Z,Weekday AI,Lead AIML,"Hyderabad, Telangana, India",full_time,,,,"This role is for one of the Weekday's clients Salary range: Rs 4000000 - Rs 4500000 (ie INR 40-45 LPA) Min Experience: 10 years Location: Remote (India), India, Hyderabad JobType: full-time We are looking for an experienced Lead AI/ML Engineer to solve complex business and operational challenges using advanced Machine Learning and Artificial Intelligence technologies. This role requires a strong combination of technical expertise, business understanding, and hands-on problem-solving capabilitie…",https://www.adzuna.in/details/5737435602?utm_medium=api&utm_source=f82dfe0b,IT Jobs,adzuna_api,nlp engineer,India,
ADZUNA_5735751166,2026-05-21T07:00:07Z,Logic Planet,AI/ML Engineer,"Gurgaon, Haryana, India",Unknown,,,,"Roles & Responsibilities: Generative AI Implementation: Develop and implement generative AI models, optimize model performance, scalability, and efficiency. Prompt Engineering & NLP: Lead design and development of prompt engineering strategies to enhance AI model capabilities. Utilize cutting-edge NLP techniques for conversational AI, speech, and voice applications. Research & Innovation: Conduct research on generative AI, deep learning, and machine learning advancements to integrate new techni…",https://www.adzuna.in/details/5735751166?utm_medium=api&utm_source=f82dfe0b,IT Jobs,adzuna_api,nlp engineer,India,
ADZUNA_5735531522,2026-05-21T02:21:18Z,EXL,Data Scientist,"Bangalore, Karnataka, India",full_time,,,,"Description Design and implement entity resolution and record linkage pipelines across multiple data sources Build and evaluate matching algorithms using classical ML, statistical scoring, and fuzzy string-matching techniques Develop attribute fusion logic to construct canonical golden records from conflicting multi-source data Analyze data quality issues, document findings, and propose remediation strategies Data Source Evaluation Assess new external data sources (open and commercial) for cove…",https://www.adzuna.in/details/5735531522?utm_medium=api&utm_source=f82dfe0b,IT Jobs,adzuna_api,nlp engineer,India,
ADZUNA_5735418535,2026-05-21T02:05:30Z,EXL,Gen AI Engineer,India,full_time,,,,"Description Develop GenAI applications using LLMs (OpenAI, LLaMA, etc.) Build RAG pipelines and agent-based systems (LangChain, LlamaIndex) Design prompts, optimize outputs, and implement guardrails Integrate AI models into APIs and production systems Deploy solutions on cloud (Azure/AWS/GCP) Responsibilities Develop GenAI applications using LLMs (OpenAI, LLaMA, etc.) Build RAG pipelines and agent-based systems (LangChain, LlamaIndex) Design prompts, optimize outputs, and implement guardrails I…",https://www.adzuna.in/details/5735418535?utm_medium=api&utm_source=f82dfe0b,IT Jobs,adzuna_api,nlp engineer,India,
ADZUNA_5734426039,2026-05-20T02:23:20Z,Jobgether,Senior Software Engineer (Python),India,full_time,,,,"This position is posted by Jobgether on behalf of a partner company. We are currently looking for a Senior Software Engineer (Python) in India. This role is a high-impact opportunity for an experienced backend/data-focused engineer who enjoys building large-scale, distributed systems that power data extraction, processing, and search at scale. You will work on complex crawling and ingestion pipelines that collect and structure data from diverse sources such as web pages, APIs, PDFs, and documen…",https://www.adzuna.in/details/5734426039?utm_medium=api&utm_source=f82dfe0b,Engineering Jobs,adzuna_api,nlp engineer,India,
ADZUNA_5734315256,2026-05-20T02:03:13Z,Accenture,Custom Software Engineer,India,full_time,,,,"Project Role : Custom Software Engineer Project Role Description : Develop custom software solutions to design, code, and enhance components across systems or applications. Use modern frameworks and agile practices to deliver scalable, high-performing solutions tailored to specific business needs. Must have skills : Python (Programming Language) Good to have skills : NA Minimum 5 year(s) of experience is required Educational Qualification : 15 years full time education Summary: As an Applicatio…",https://www.adzuna.in/details/5734315256?utm_medium=api&utm_source=f82dfe0b,IT Jobs,adzuna_api,nlp engineer,India,
ADZUNA_5734180016,2026-05-19T22:39:36Z,TalentOla,Gen AI Lead,"Richmond Town, Bangalore, Karnataka",Unknown,,,,"Job Title: Gen AI Lead (7 Years Experience) Job Summary: We are looking for a Gen AI Lead with 7 years of experience in AI/ML and strong expertise in Generative AI technologies. The candidate will lead the design, development, and deployment of AI-powered solutions using LLMs, NLP, and modern AI frameworks. Key Responsibilities: Lead Gen AI solution development and architecture Build and deploy LLM-based applications Work with cross-functional teams to deliver AI products Optimize AI models for…",https://www.adzuna.in/details/5734180016?utm_medium=api&utm_source=f82dfe0b,IT Jobs,adzuna_api,nlp engineer,India,
ADZUNA_5732427090,2026-05-17T19:47:34Z,Turing,Remote Data Engineer - 78243,India,Unknown,,,,"ABOUT THE ROLE: The TDD's multi-modal expertise capture pipeline and Graph RAG branch of the Hybrid architecture require a dedicated data engineer who builds and operates the document ingestion pipeline, chunking engine, vector database indexing, retrieval/re-ranking pipeline, golden dataset management system, and data pool routing infrastructure. This role executes the data architecture designs produced by the IC6 Data Engineer and operates the data infrastructure throughout the engagement. Pr…",https://www.adzuna.in/land/ad/5732427090?se=2KwdqQtW8RGWQvEe2bTbLw&utm_medium=api&utm_source=f82dfe0b&v=3E747C4118F76D43E69351366537883E9FF9FF8B,Engineering Jobs,adzuna_api,nlp engineer,India,
ADZUNA_5732387097,2026-05-17T17:45:07Z,Turing,Remote Data Engineer - 78243,"Delhi, India",Unknown,,,,"ABOUT THE ROLE: The TDD's multi-modal expertise capture pipeline and Graph RAG branch of the Hybrid architecture require a dedicated data engineer who builds and operates the document ingestion pipeline, chunking engine, vector database indexing, retrieval/re-ranking pipeline, golden dataset management system, and data pool routing infrastructure. This role executes the data architecture designs produced by the IC6 Data Engineer and operates the data infrastructure throughout the engagement. Pr…",https://www.adzuna.in/land/ad/5732387097?se=2KwdqQtW8RGWQvEe2bTbLw&utm_medium=api&utm_source=f82dfe0b&v=76D67E5D978C6394E76BEBB66469960365E9F57E,Engineering Jobs,adzuna_api,nlp engineer,India,
ADZUNA_5732387096,2026-05-17T17:45:06Z,Turing,Remote Data Engineer - 78243,"Noida, Ghaziabad, Uttar Pradesh",Unknown,,,,"ABOUT THE ROLE: The TDD's multi-modal expertise capture pipeline and Graph RAG branch of the Hybrid architecture require a dedicated data engineer who builds and operates the document ingestion pipeline, chunking engine, vector database indexing, retrieval/re-ranking pipeline, golden dataset management system, and data pool routing infrastructure. This role executes the data architecture designs produced by the IC6 Data Engineer and operates the data infrastructure throughout the engagement. Pr…",https://www.adzuna.in/land/ad/5732387096?se=2KwdqQtW8RGWQvEe2bTbLw&utm_medium=api&utm_source=f82dfe0b&v=0C62378777921ABC1532E76E571FA6ECB101AB97,Engineering Jobs,adzuna_api,nlp engineer,India,
ADZUNA_5732386312,2026-05-17T17:43:02Z,Turing,Remote Data Engineer - 78243,"Hyderabad, Telangana, India",Unknown,,,,"ABOUT THE ROLE: The TDD's multi-modal expertise capture pipeline and Graph RAG branch of the Hybrid architecture require a dedicated data engineer who builds and operates the document ingestion pipeline, chunking engine, vector database indexing, retrieval/re-ranking pipeline, golden dataset management system, and data pool routing infrastructure. This role executes the data architecture designs produced by the IC6 Data Engineer and operates the data infrastructure throughout the engagement. Pr…",https://www.adzuna.in/land/ad/5732386312?se=2KwdqQtW8RGWQvEe2bTbLw&utm_medium=api&utm_source=f82dfe0b&v=A7FA52229E08CBC6CF60B8406D29A926236EE8BB,Engineering Jobs,adzuna_api,nlp engineer,India,
ADZUNA_5732319444,2026-05-17T15:41:16Z,Turing,Remote Data Engineer - 78243,"Mumbai, Maharashtra, India",Unknown,,,,"ABOUT THE ROLE: The TDD's multi-modal expertise capture pipeline and Graph RAG branch of the Hybrid architecture require a dedicated data engineer who builds and operates the document ingestion pipeline, chunking engine, vector database indexing, retrieval/re-ranking pipeline, golden dataset management system, and data pool routing infrastructure. This role executes the data architecture designs produced by the IC6 Data Engineer and operates the data infrastructure throughout the engagement. Pr…",https://www.adzuna.in/land/ad/5732319444?se=2KwdqQtW8RGWQvEe2bTbLw&utm_medium=api&utm_source=f82dfe0b&v=3ED13F5D5D9FF8857BF795C4B162B37687523183,Engineering Jobs,adzuna_api,nlp engineer,India,
ADZUNA_5732318726,2026-05-17T15:40:47Z,Turing,Remote Data Engineer - 78243,"Bangalore, Karnataka, India",Unknown,,,,"ABOUT THE ROLE: The TDD's multi-modal expertise capture pipeline and Graph RAG branch of the Hybrid architecture require a dedicated data engineer who builds and operates the document ingestion pipeline, chunking engine, vector database indexing, retrieval/re-ranking pipeline, golden dataset management system, and data pool routing infrastructure. This role executes the data architecture designs produced by the IC6 Data Engineer and operates the data infrastructure throughout the engagement. Pr…",https://www.adzuna.in/land/ad/5732318726?se=2KwdqQtW8RGWQvEe2bTbLw&utm_medium=api&utm_source=f82dfe0b&v=BCDB90DD46CE2A7675D4093BE675C3F3307E8571,Engineering Jobs,adzuna_api,nlp engineer,India,
ADZUNA_5732317998,2026-05-17T15:39:35Z,Turing,Remote Data Engineer - 78243,"Chennai, Tamil Nadu, India",Unknown,,,,"ABOUT THE ROLE: The TDD's multi-modal expertise capture pipeline and Graph RAG branch of the Hybrid architecture require a dedicated data engineer who builds and operates the document ingestion pipeline, chunking engine, vector database indexing, retrieval/re-ranking pipeline, golden dataset management system, and data pool routing infrastructure. This role executes the data architecture designs produced by the IC6 Data Engineer and operates the data infrastructure throughout the engagement. Pr…",https://www.adzuna.in/land/ad/5732317998?se=2KwdqQtW8RGWQvEe2bTbLw&utm_medium=api&utm_source=f82dfe0b&v=7BF4B9F1084511A32E2C4D02C7381DFA6882920D,Engineering Jobs,adzuna_api,nlp engineer,India,
ADZUNA_5732317913,2026-05-17T15:39:31Z,Turing,Remote Data Engineer - 78243,"Kolkata, West Bengal, India",Unknown,,,,"ABOUT THE ROLE: The TDD's multi-modal expertise capture pipeline and Graph RAG branch of the Hybrid architecture require a dedicated data engineer who builds and operates the document ingestion pipeline, chunking engine, vector database indexing, retrieval/re-ranking pipeline, golden dataset management system, and data pool routing infrastructure. This role executes the data architecture designs produced by the IC6 Data Engineer and operates the data infrastructure throughout the engagement. Pr…",https://www.adzuna.in/land/ad/5732317913?se=2KwdqQtW8RGWQvEe2bTbLw&utm_medium=api&utm_source=f82dfe0b&v=ABE957A4D18790CB1DA269FB8C45F247CACC6F14,Engineering Jobs,adzuna_api,nlp engineer,India,
ADZUNA_5730228709,2026-05-15T15:24:42Z,Cyfuture,Vice President of Artificial Intelligence,"Noida, Ghaziabad, Uttar Pradesh",Unknown,,,,"About the Company Cyfuture India Pvt. Ltd. is committed to driving innovation and excellence in AI and product development. Our mission is to lead the market in AI-led digital transformation, fostering a culture of collaboration and growth. About the Role We are seeking a highly experienced AI Technology Leader who can drive the strategy, architecture, development, and scaling of AI-powered enterprise products and platforms. Responsibilities AI & Product Leadership Define and execute the organi…",https://www.adzuna.in/land/ad/5730228709?se=2KwdqQtW8RGWQvEe2bTbLw&utm_medium=api&utm_source=f82dfe0b&v=4D230CCAB2B49851E663CAAF84FF20FBF0154732,IT Jobs,adzuna_api,nlp engineer,India,
ADZUNA_5729646131,2026-05-15T02:11:38Z,Gartner,Sr Software Engineer (AI/ML/NLP) _4to6yrs_Gurgaon,India,full_time,,,,"About Gartner IT: Join a world-class team of skilled engineers who build creative digital solutions to support our colleagues and clients. We make a broad organizational impact by delivering cutting-edge technology solutions that power Gartner. Gartner IT values its culture of nonstop innovation, an outcome-driven approach to success, and the notion that great ideas can come from anyone on the team. About this role: Senior Software Engineer (AI) position having experience in classic and generat…",https://www.adzuna.in/details/5729646131?utm_medium=api&utm_source=f82dfe0b,IT Jobs,adzuna_api,nlp engineer,India,
ADZUNA_5729633421,2026-05-15T02:10:31Z,Virtusa,GEN AI Consultant,India,full_time,,,,"Job Title\: Generative AI Developer Experience\: 3–5 Years Location\: Hybrid/Hyderabad Employment Type\: Full-time Job Summary We are seeking a Generative AI Developer with strong expertise in Azure and modern LLM ecosystems. The candidate will be responsible for building scalable, production-ready GenAI applications using Retrieval-Augmented Generation (RAG), LLMs, and multi-model integrations (including Claude and Gemini). This role requires hands-on coding experience and deep understanding o…",https://www.adzuna.in/details/5729633421?utm_medium=api&utm_source=f82dfe0b,IT Jobs,adzuna_api,nlp engineer,India,
ADZUNA_5729624440,2026-05-15T02:09:36Z,Harman Becker Automotive Systems Manufacturing Kft,"Advanced Engineer: ML, LLM, NLP, RAG",India,full_time,,,,"HARMAN’s engineers and designers are creative, purposeful and agile. As part of this team, you’ll combine your technical expertise with innovative ideas to help drive cutting-edge solutions in the car, enterprise and connected ecosystem. Every day, you will push the boundaries of creative design, and HARMAN is committed to providing you with the opportunities, innovative technologies and resources to build a successful career. A Career at HARMAN As a technology leader that is rapidly on the mov…",https://www.adzuna.in/details/5729624440?utm_medium=api&utm_source=f82dfe0b,IT Jobs,adzuna_api,nlp engineer,India,
ADZUNA_5729618936,2026-05-15T02:08:56Z,ERM,AI & ML Consultant,"Bangalore, Karnataka, India",full_time,,,,"Position: AI/ML Specialist – Sustainability, Health & Safety ERM is seeking skilled and motivated AI/ML professionals to join our India team as part of our global Digital Services business . In this role, you will contribute to developing AI accelerators, intelligent agents, and machine learning models that advance innovation in sustainability, health, and safety domains . At ERM, we combine deep domain expertise with a strong track record in delivering sustainability-focused digital solutions.…",https://www.adzuna.in/details/5729618936?utm_medium=api&utm_source=f82dfe0b,IT Jobs,adzuna_api,nlp engineer,India,
ADZUNA_5728308901,2026-05-14T02:14:50Z,Avoma,Senior ML Engineer,"Pune, Maharashtra, India",full_time,,,,"Our Mission Join Avoma and work on some of the most challenging NLP problems in our mission to make every meeting more productive. Our intelligent meeting assistant helps professionals get insights and automate common tasks required for any business meeting. We leverage the latest NLP techniques to summarize meeting notes and extract key topics and action items, so our users can spend more time getting things done. The Opportunity We are looking for a Deep Learning / NLP Engineer to improve and…",https://www.adzuna.in/details/5728308901?utm_medium=api&utm_source=f82dfe0b,IT Jobs,adzuna_api,nlp engineer,India,
ADZUNA_5728304938,2026-05-14T02:14:17Z,Observe.AI,Senior Machine Learning Engineer - NLP,"Bangalore, Karnataka, India",Unknown,,,,"About Us Observe.AI is the AI Agents platform for customer experience, designed to help organizations deliver faster, smarter, and more efficient customer service at scale. The platform enables businesses to deploy specialized AI agents that autonomously execute work across the full CX lifecycle—from handling customer conversations to supporting frontline teams and optimizing operations. Each AI agent is purpose-built for a specific role, equipped to understand context, make decisions, take act…",https://www.adzuna.in/details/5728304938?utm_medium=api&utm_source=f82dfe0b,IT Jobs,adzuna_api,nlp engineer,India,
ADZUNA_5728101800,2026-05-13T18:57:10Z,Apptad,Client Partner – Technology Staffing & Strategic Accounts,"Noida, Ghaziabad, Uttar Pradesh",Unknown,,,,"Job Title: Client Partner – Technology Staffing & Strategic Accounts Department: Recruitment Location: Noida (Onsite) About Apptad Technologies: Apptad Technologies is a global technology consulting, AI transformation, and staff augmentation company helping enterprises build scalable digital and AI-driven capabilities across global markets. Our expertise spans: AI & Generative AI Transformation Data Engineering & Analytics Cloud & Digital Engineering Enterprise Technology Consulting GCC Enablem…",https://www.adzuna.in/land/ad/5728101800?se=2KwdqQtW8RGWQvEe2bTbLw&utm_medium=api&utm_source=f82dfe0b&v=1AF7F1798C668A2FAD1F8B58E195D127A8268353,IT Jobs,adzuna_api,nlp engineer,India,
ADZUNA_5727103126,2026-05-13T02:00:14Z,JPMorganChase,"Vice President, Business Intelligence - Advanced Analytics","Mumbai, Maharashtra, India",full_time,,,,"Description This mandate modernizes BI and establishes AI-driven BI as a core enterprise capability—raising the standard for modeling and visualization, operationalizing conversational analytics through LLMs and Databricks Genie, and advancing the organization from descriptive and predictive analytics toward prescriptive insights. The role partners directly with senior leadership and carries enterprise-wide visibility and accountability to accelerate decision velocity, drive adoption, and maxim…",https://www.adzuna.in/details/5727103126?utm_medium=api&utm_source=f82dfe0b,IT Jobs,adzuna_api,nlp engineer,India,
